date,inputFile,safetyPropsFilePath,strategy,depth,modelBranchCounts,tracesGenTime,maudeExecTime,traceGenCacheHits,traceGenCacheMisses,generatedTraces,katchExecTime,katchCacheHits,katchCacheMisses,harmfulRaces,traceAnalyzerExecTime,totalExecTime
2025-06-02;14:14:39,output_l145_TataNld_s15_h0_oh72_c1.json,safety_props.json,pbfs,10,C0:1;BSw:30,1.634635514114052,1.6064959254581481,36,19,144,11.619791860459372,712,18,0,11.631556647829711,13.266192161943763
2025-06-02;14:14:53,output_l13_Cesnet1997_s15_h0_oh6_c1.json,safety_props.json,pbfs,10,C0:1;BSw:8,1.263895592885092,1.239000919740647,36,19,144,8.690693945158273,715,15,0,8.700591536005959,9.96448712889105
2025-06-02;14:15:03,output_l7_Nordu1989_s15_h0_oh7_c1.json,safety_props.json,pbfs,10,C0:1;BSw:5,1.201971209142357,1.1802977230399847,36,16,144,5.055061141494662,721,9,0,5.064543887041509,6.266515096183866
2025-06-02;14:15:10,output_l51_Cudi_s15_h0_oh25_c1.json,safety_props.json,pbfs,10,C0:1;BSw:9,1.2002374900039285,1.1781805020291358,36,19,144,10.103844880359247,713,17,0,10.113848834997043,11.314086325000972
2025-06-02;14:15:22,output_l24_BtEurope_s15_h0_oh12_c1.json,safety_props.json,pbfs,10,C0:1;BSw:6,1.2898006830364466,1.2700800860766321,36,19,144,6.319460530066863,719,11,0,6.329143893904984,7.618944576941431
2025-06-02;14:15:30,output_l24_Uran_s15_h0_oh12_c1.json,safety_props.json,pbfs,10,C0:1;BSw:10,1.2825189209543169,1.2603260844480246,36,19,144,11.667069008341059,712,18,0,11.677254237933084,12.959773158887401
2025-06-02;14:15:44,output_l45_Palmetto_s15_h0_oh22_c1.json,safety_props.json,pbfs,10,C0:1;BSw:14,1.3380568618886173,1.3149729277938604,36,19,144,11.381203821394593,712,18,0,11.39124807389453,12.729304935783148
2025-06-02;14:15:58,output_l26_Sunet_s15_h0_oh13_c1.json,safety_props.json,pbfs,10,C0:1;BSw:14,1.2399717969819903,1.2167004027869552,36,19,144,11.220941079547629,712,18,0,11.231793707003817,12.471765503985807
2025-06-02;14:16:11,output_l42_LambdaNet_s15_h0_oh21_c1.json,safety_props.json,pbfs,10,C0:1;BSw:15,1.4600405530072749,1.4371654251590371,36,19,144,11.240853637689725,712,18,0,11.252420190023258,12.712460743030533
2025-06-02;14:16:25,output_l73_Intellifiber_s15_h0_oh36_c1.json,safety_props.json,pbfs,10,C0:1;BSw:17,1.4288474649656564,1.4027219431009144,36,19,144,11.504230488091707,712,18,0,11.51439752895385,12.943244993919507
2025-06-02;14:16:39,output_l37_Iij_s15_h0_oh18_c1.json,safety_props.json,pbfs,10,C0:1;BSw:7,1.323680090950802,1.2996321944519877,36,19,144,8.081200801534578,717,13,0,8.091006899951026,9.414686990901828
2025-06-02;14:16:50,output_l10_Ai3_s15_h0_oh5_c1.json,safety_props.json,pbfs,10,C0:1;BSw:6,1.2014605549629778,1.179924512282014,36,19,144,7.063264408148825,719,11,0,7.07296681497246,8.274427369935438
2025-06-02;14:16:59,output_l7_Basnet_s15_h0_oh7_c1.json,safety_props.json,pbfs,10,C0:1;BSw:4,1.1743585870135576,1.14584732032381,33,12,144,4.146379770943895,723,7,0,4.155467472970486,5.329826059984043
2025-06-02;14:17:05,output_l13_Cesnet1999_s15_h0_oh6_c1.json,safety_props.json,pbfs,10,C0:1;BSw:5,1.3503122590482235,1.3295385327655822,36,16,144,4.910677892854437,721,9,0,4.920012773014605,6.2703250320628285
2025-06-02;14:17:12,output_l125_Ion_s15_h0_oh62_c1.json,safety_props.json,pbfs,10,C0:1;BSw:27,1.6070510558784008,1.5823107361793518,36,19,144,11.416570427594706,712,18,0,11.427954378770664,13.035005434649065
2025-06-02;14:17:26,output_l20_Oxford_s15_h0_oh10_c1.json,safety_props.json,pbfs,10,C0:1;BSw:9,1.3824558081105351,1.3586102968547493,36,19,144,9.941076586488634,713,17,0,9.95186845306307,11.334324261173606
2025-06-02;14:17:38,output_l35_GtsSlovakia_s15_h0_oh17_c1.json,safety_props.json,pbfs,10,C0:1;BSw:8,1.1829699729569256,1.1587406189646572,36,19,144,8.630141966510564,715,15,0,8.639946587849408,9.822916560806334
2025-06-02;14:17:48,output_l62_Forthnet_s15_h0_oh31_c1.json,safety_props.json,pbfs,10,C0:1;BSw:9,1.2255534520372748,1.2037669508717954,36,19,144,9.808231274597347,713,17,0,9.818175281165168,11.043728733202443
2025-06-02;14:18:00,output_l754_Kdl_s15_h0_oh377_c1.json,safety_props.json,pbfs,10,C0:1;BSw:60,3.0306863349396735,2.998978025978431,36,19,144,12.69012271729298,712,18,0,12.703125827014446,15.73381216195412
2025-06-02;14:18:16,output_l11_Sprint_s15_h0_oh5_c1.json,safety_props.json,pbfs,10,C0:1;BSw:6,1.303642219863832,1.2833814194891602,36,19,144,6.217115534469485,719,11,0,6.226505796890706,7.530148016754538
2025-06-02;14:18:24,output_l17_Nextgen_s15_h0_oh8_c1.json,safety_props.json,pbfs,10,C0:1;BSw:12,1.295282751088962,1.266701289685443,36,19,144,10.53544564335607,712,18,0,10.54622227489017,11.841505025979131
2025-06-02;14:18:37,output_l7_Sanren_s15_h0_oh7_c1.json,safety_props.json,pbfs,10,C0:1;BSw:5,1.1645763849373907,1.1457272863481194,36,16,144,5.067478792043403,721,9,0,5.076537972083315,6.241114357020706
2025-06-02;14:18:44,output_l19_Easynet_s15_h0_oh9_c1.json,safety_props.json,pbfs,10,C0:1;BSw:8,1.211851570988074,1.191852301824838,36,19,144,8.656703826971352,715,15,0,8.666460569947958,9.878312140936032
2025-06-02;14:18:54,output_l74_Syringa_s15_h0_oh37_c1.json,safety_props.json,pbfs,10,C0:1;BSw:33,1.6344889330212027,1.6096039582043886,36,19,144,11.46491837548092,712,18,0,11.476828843122348,13.11131777614355
2025-06-02;14:19:08,output_l21_GtsRomania_s15_h0_oh10_c1.json,safety_props.json,pbfs,10,C0:1;BSw:7,1.3243990580085665,1.3036971173714846,36,19,144,7.341665530577302,717,13,0,7.352292718132958,8.676691776141524
2025-06-02;14:19:17,output_l30_Renater2004_s15_h0_oh15_c1.json,safety_props.json,pbfs,10,C0:1;BSw:9,1.265776279149577,1.245342931477353,36,19,144,9.795026015490294,713,17,0,9.804903911193833,11.07068019034341
2025-06-02;14:19:29,output_l24_Renater1999_s15_h0_oh12_c1.json,safety_props.json,pbfs,10,C0:1;BSw:9,1.2118791800457984,1.1876242272555828,36,19,144,9.895409826887771,713,17,0,9.905507330782712,11.11738651082851
2025-06-02;14:19:41,output_l58_Garr201103_s15_h0_oh29_c1.json,safety_props.json,pbfs,10,C0:1;BSw:9,1.3314067730680108,1.3075046155136079,36,19,144,10.12357450928539,713,17,0,10.133559978101403,11.464966751169413
2025-06-02;14:19:53,output_l28_Gambia_s15_h0_oh14_c1.json,safety_props.json,pbfs,10,C0:1;BSw:10,1.4176396778784692,1.393869087798521,36,19,144,10.501215364784002,712,18,0,10.511232011951506,11.928871689829975
2025-06-02;14:20:05,output_l17_Goodnet_s15_h0_oh8_c1.json,safety_props.json,pbfs,10,C0:1;BSw:6,1.197824806906283,1.1781302618328482,36,19,144,6.411421576980501,719,11,0,6.420520576182753,7.618345383089036
2025-06-02;14:20:14,output_l74_Sinet_s15_h0_oh37_c1.json,safety_props.json,pbfs,10,C0:1;BSw:9,1.3988918070681393,1.3781983111985028,36,19,144,9.92059991764836,713,17,0,9.930598537903279,11.329490344971418
2025-06-02;14:20:26,output_l48_RoedunetFibre_s15_h0_oh24_c1.json,safety_props.json,pbfs,10,C0:1;BSw:15,1.28722840314731,1.264985301764682,36,19,144,10.771726702805609,712,18,0,10.781521982047707,12.068750385195017
2025-06-02;14:20:38,output_l15_HiberniaUk_s15_h0_oh7_c1.json,safety_props.json,pbfs,10,C0:1;BSw:9,1.278121116105467,1.256958342390135,36,19,144,9.961806593462825,713,17,0,9.971538092009723,11.24965920811519
2025-06-02;14:20:50,output_l29_Arpanet19728_s15_h0_oh14_c1.json,safety_props.json,pbfs,10,C0:1;BSw:11,1.3710854910314083,1.3497105976566672,36,19,144,10.513289365218952,712,18,0,10.523379046935588,11.894464537966996
2025-06-02;14:21:02,output_l21_Belnet2008_s15_h0_oh10_c1.json,safety_props.json,pbfs,10,C0:1;BSw:9,1.1923397020436823,1.1712797398213297,36,19,144,9.916718033375219,713,17,0,9.927340704016387,11.11968040606007
2025-06-02;14:21:14,output_l20_Twaren_s15_h0_oh10_c1.json,safety_props.json,pbfs,10,C0:1;BSw:6,1.3784737929236144,1.358663566177711,36,19,144,6.349694650154561,719,11,0,6.359225773951039,7.737699566874653
2025-06-02;14:21:23,output_l22_HiberniaUs_s15_h0_oh11_c1.json,safety_props.json,pbfs,10,C0:1;BSw:13,1.275771657936275,1.2536653878632933,36,19,144,10.766903636511415,712,18,0,10.77746331715025,12.053234975086525
2025-06-02;14:21:35,output_l19_Savvis_s15_h0_oh9_c1.json,safety_props.json,pbfs,10,C0:1;BSw:10,1.282660141820088,1.2605142774991691,36,19,144,10.382444940973073,712,18,0,10.392395459115505,11.675055600935593
2025-06-02;14:21:48,output_l13_HiberniaCanada_s15_h0_oh6_c1.json,safety_props.json,pbfs,10,C0:1;BSw:8,1.1832021339796484,1.1605384114664048,36,19,144,8.672119375318289,715,15,0,8.682091194903478,9.865293328883126
2025-06-02;14:21:58,output_l66_Internode_s15_h0_oh33_c1.json,safety_props.json,pbfs,10,C0:1;BSw:8,1.383421174949035,1.3625948571134359,36,19,144,8.816403185017407,715,15,0,8.8260642811656,10.209485456114635
2025-06-02;14:22:09,output_l56_Garr201012_s15_h0_oh28_c1.json,safety_props.json,pbfs,10,C0:1;BSw:9,1.2137698240112513,1.1912761153653264,36,19,144,10.20880339667201,713,17,0,10.218638682039455,11.432408506050706
2025-06-02;14:22:21,output_l149_GtsCe_s15_h0_oh74_c1.json,safety_props.json,pbfs,10,C0:1;BSw:23,1.5605137469246984,1.5364632566925138,36,19,144,11.343462275806814,712,18,0,11.354579748120159,12.915093495044857
2025-06-02;14:22:34,output_l16_Peer1_s15_h0_oh8_c1.json,safety_props.json,pbfs,10,C0:1;BSw:8,1.3905659101437777,1.370115633122623,36,19,144,8.757667320081964,715,15,0,8.767548390896991,10.158114301040769
2025-06-02;14:22:45,output_l11_Abilene_s15_h0_oh5_c1.json,safety_props.json,pbfs,10,C0:1;BSw:7,1.373215138912201,1.3527476973831654,36,19,144,7.677167372778058,717,13,0,7.686809157952666,9.060024296864867
2025-06-02;14:22:55,output_l31_Rnp_s15_h0_oh15_c1.json,safety_props.json,pbfs,10,C0:1;BSw:13,1.4187769109848887,1.3936857432127,36,19,144,11.284100138116628,712,18,0,11.294773231027648,12.713550142012537
2025-06-02;14:23:08,output_l27_Garr200212_s15_h0_oh13_c1.json,safety_props.json,pbfs,10,C0:1;BSw:6,1.382894353941083,1.3630777643993497,36,19,144,6.287536196876317,719,11,0,6.296940382104367,7.67983473604545
2025-06-02;14:23:16,output_l6_Mren_s15_h0_oh6_c1.json,safety_props.json,pbfs,10,C0:1;BSw:4,1.160040816059336,1.1416182389948517,33,12,144,3.8939680529292673,723,7,0,3.903149646008387,5.063190462067723
2025-06-02;14:23:22,output_l23_Aconet_s15_h0_oh11_c1.json,safety_props.json,pbfs,10,C0:1;BSw:6,1.3765234309248626,1.3564705261960626,36,19,144,6.2703874465078115,719,11,0,6.280463636154309,7.6569870670791715
2025-06-02;14:23:30,output_l18_HiberniaNireland_s15_h0_oh9_c1.json,safety_props.json,pbfs,10,C0:1;BSw:9,1.3190730419009924,1.2967771103139967,36,19,144,9.96053749602288,713,17,0,9.970270320074633,11.289343361975625
2025-06-02;14:23:42,output_l27_Bbnplanet_s15_h0_oh13_c1.json,safety_props.json,pbfs,10,C0:1;BSw:9,1.3749648840166628,1.3546723767649382,36,19,144,10.063422521343455,713,17,0,10.07373571000062,11.448700594017282
2025-06-02;14:23:54,output_l55_Garr201005_s15_h0_oh27_c1.json,safety_props.json,pbfs,10,C0:1;BSw:9,1.3855934219900519,1.3652807481121272,36,19,144,10.055361948208883,713,17,0,10.065157428150997,11.450750850141048
2025-06-02;14:24:06,output_l37_Grnet_s15_h0_oh18_c1.json,safety_props.json,pbfs,10,C0:1;BSw:10,1.2098205180373043,1.1865068345796317,36,19,144,10.619110143976286,712,18,0,10.629830249818042,11.839650767855346
2025-06-02;14:24:19,output_l37_Bren_s15_h0_oh18_c1.json,safety_props.json,pbfs,10,C0:1;BSw:10,1.3186433678492904,1.296010851394385,36,19,144,10.512815115973353,712,18,0,10.522659823996946,11.841303191846237
2025-06-02;14:24:31,output_l29_Cesnet200304_s15_h0_oh14_c1.json,safety_props.json,pbfs,10,C0:1;BSw:8,1.2468375670723617,1.2266543707810342,36,19,144,8.813145260326564,715,15,0,8.823079705936834,10.069917273009196
2025-06-02;14:24:42,output_l18_Ibm_s15_h0_oh9_c1.json,safety_props.json,pbfs,10,C0:1;BSw:8,1.2825431651435792,1.2568037288729101,36,19,144,8.750876981532201,715,15,0,8.760671880096197,10.043215045239776
2025-06-02;14:24:53,output_l16_Airtel_s15_h0_oh8_c1.json,safety_props.json,pbfs,10,C0:1;BSw:6,1.2417111389804631,1.2198358823079616,36,19,144,6.194709132891148,719,11,0,6.204179062042385,7.4458902010228485
2025-06-02;14:25:01,output_l6_Telecomserbia_s15_h0_oh6_c1.json,safety_props.json,pbfs,10,C0:1;BSw:5,1.2004691420588642,1.1814010532107204,36,16,144,5.03998418757692,721,9,0,5.049329400993884,6.249798543052748
2025-06-02;14:25:08,output_l15_Claranet_s15_h0_oh7_c1.json,safety_props.json,pbfs,10,C0:1;BSw:6,1.3654182229656726,1.3461020812392235,36,19,144,6.338937908178195,719,11,0,6.348537693964317,7.71395591692999
2025-06-02;14:25:16,output_l23_Belnet2003_s15_h0_oh11_c1.json,safety_props.json,pbfs,10,C0:1;BSw:5,1.2792619478423148,1.2576745115220547,36,16,144,5.083381828153506,721,9,0,5.092758679995313,6.372020627837628
2025-06-02;14:25:23,output_l7_Getnet_s15_h0_oh7_c1.json,safety_props.json,pbfs,10,C0:1;BSw:5,1.3621042158920318,1.3432056116871536,36,16,144,5.038473438937217,721,9,0,5.047761532012373,6.409865747904405
2025-06-02;14:25:30,output_l33_CrlNetworkServices_s15_h0_oh16_c1.json,safety_props.json,pbfs,10,C0:1;BSw:12,1.220404194202274,1.1992259167600423,36,19,144,10.607507133390754,712,18,0,10.617200188804418,11.837604383006692
2025-06-02;14:25:42,output_l11_Singaren_s15_h0_oh5_c1.json,safety_props.json,pbfs,10,C0:1;BSw:4,1.2982178619131446,1.27798832510598,33,12,144,3.8084873070474714,723,7,0,3.8173527361359447,5.115570598049089
2025-06-02;14:25:48,output_l30_GtsHungary_s15_h0_oh15_c1.json,safety_props.json,pbfs,10,C0:1;BSw:10,1.3594332959037274,1.3360704192891717,36,19,144,10.760416882345453,712,18,0,10.770359705900773,12.1297930018045
2025-06-02;14:26:01,output_l59_Garr201105_s15_h0_oh29_c1.json,safety_props.json,pbfs,10,C0:1;BSw:10,1.4091037618927658,1.3871534110512584,36,19,144,10.532044786727056,712,18,0,10.543172128964216,11.952275890856981
2025-06-02;14:26:14,output_l33_Renater2008_s15_h0_oh16_c1.json,safety_props.json,pbfs,10,C0:1;BSw:9,1.3958921008743346,1.37269493076019,36,19,144,10.057981589110568,713,17,0,10.06804636400193,11.463938464876264
2025-06-02;14:26:26,output_l24_VisionNet_s15_h0_oh12_c1.json,safety_props.json,pbfs,10,C0:1;BSw:14,1.3155088759958744,1.2927309435326606,36,19,144,10.745603962335736,712,18,0,10.755712813930586,12.07122168992646
2025-06-02;14:26:38,output_l19_Internetmci_s15_h0_oh9_c1.json,safety_props.json,pbfs,10,C0:1;BSw:6,1.3697521400172263,1.3478013961575925,36,19,144,6.2186332838609815,719,11,0,6.2281487511936575,7.597900891210884
2025-06-02;14:26:47,output_l7_Heanet_s15_h0_oh7_c1.json,safety_props.json,pbfs,10,C0:1;BSw:4,1.2730435219127685,1.2563096876256168,33,12,144,3.7888479593675584,723,7,0,3.7980275629088283,5.071071084821597
2025-06-02;14:26:52,output_l35_NetworkUsa_s15_h0_oh17_c1.json,safety_props.json,pbfs,10,C0:1;BSw:12,1.411515299929306,1.3910088152624667,36,19,144,10.756147221196443,712,18,0,10.766104785026982,12.177620084956288
2025-06-02;14:27:05,output_l58_Dfn_s15_h0_oh29_c1.json,safety_props.json,pbfs,10,C0:1;BSw:8,1.194527851883322,1.1730652307160199,36,19,144,8.791043621255085,715,15,0,8.800842382013798,9.99537023389712
2025-06-02;14:27:16,output_l82_Ulaknet_s15_h0_oh41_c1.json,safety_props.json,pbfs,10,C0:1;BSw:6,1.2239477520342916,1.2038442951161414,36,19,144,6.273787789279595,719,11,0,6.283255992922932,7.5072037449572235
2025-06-02;14:27:24,output_l9_Arpanet19706_s15_h0_oh9_c1.json,safety_props.json,pbfs,10,C0:1;BSw:6,1.22757988399826,1.205930795520544,36,19,144,6.442807569867,719,11,0,6.452504698885605,7.680084582883865
2025-06-02;14:27:32,output_l19_Noel_s15_h0_oh9_c1.json,safety_props.json,pbfs,10,C0:1;BSw:8,1.3729421359021217,1.3525337977334857,36,19,144,8.647620244883,715,15,0,8.657722698990256,10.030664834892377
2025-06-02;14:27:43,output_l37_Reuna_s15_h0_oh18_c1.json,safety_props.json,pbfs,10,C0:1;BSw:14,1.4328464050777256,1.4099726339336485,36,19,144,10.680211507948115,712,18,0,10.690323005896062,12.123169410973787
2025-06-02;14:27:56,output_l29_Janetbackbone_s15_h0_oh14_c1.json,safety_props.json,pbfs,10,C0:1;BSw:7,1.1794244979973882,1.158081668196246,36,19,144,7.509710307000205,717,13,0,7.519219163106754,8.698643661104143
2025-06-02;14:28:05,output_l69_Latnet_s15_h0_oh34_c1.json,safety_props.json,pbfs,10,C0:1;BSw:14,1.4139792881906033,1.3914799585472792,36,19,144,10.902611046098173,712,18,0,10.912918254034594,12.326897542225197
2025-06-02;14:28:18,output_l56_Garr201010_s15_h0_oh28_c1.json,safety_props.json,pbfs,10,C0:1;BSw:9,1.3821479249745607,1.3627796021755785,36,19,144,10.024791601113975,713,17,0,10.035207000095397,11.417354925069958
2025-06-02;14:28:30,output_l23_Garr199905_s15_h0_oh11_c1.json,safety_props.json,pbfs,10,C0:1;BSw:5,1.2799077681265771,1.258602790068835,36,16,144,5.055193488718942,721,9,0,5.064976502908394,6.344884271034971
2025-06-02;14:28:37,output_l18_Pacificwave_s15_h0_oh9_c1.json,safety_props.json,pbfs,10,C0:1;BSw:5,1.166006171843037,1.1469263501930982,36,16,144,4.968418461736292,721,9,0,4.97924542799592,6.145251599838957
2025-06-02;14:28:43,output_l88_VtlWavenet2008_s15_h0_oh44_c1.json,safety_props.json,pbfs,10,C0:1;BSw:33,1.5632794830016792,1.5379356171470135,36,19,144,11.593419898767024,712,18,0,11.606318969046697,13.169598452048376
2025-06-02;14:28:57,output_l42_SwitchL3_s15_h0_oh21_c1.json,safety_props.json,pbfs,10,C0:1;BSw:8,1.3168121231719851,1.2932991818524897,36,19,144,8.542118809185922,715,15,0,8.554204813903198,9.871016937075183
2025-06-02;14:29:08,output_l21_Atmnet_s15_h0_oh10_c1.json,safety_props.json,pbfs,10,C0:1;BSw:11,1.244493864942342,1.2172901160083711,36,19,144,10.527842431562021,712,18,0,10.53956081904471,11.784054683987051
2025-06-02;14:29:20,output_l22_Garr200404_s15_h0_oh11_c1.json,safety_props.json,pbfs,10,C0:1;BSw:5,1.19817292294465,1.1779403605032712,36,16,144,4.973764333175495,721,9,0,4.983914047945291,6.182086970889941
2025-06-02;14:29:27,output_l60_Garr201111_s15_h0_oh30_c1.json,safety_props.json,pbfs,10,C0:1;BSw:10,1.3566927688661963,1.3327818159013987,36,19,144,10.555266136303544,712,18,0,10.56492622778751,11.921618996653706
2025-06-02;14:29:39,output_l17_Fatman_s15_h0_oh8_c1.json,safety_props.json,pbfs,10,C0:1;BSw:7,1.3702400180045515,1.3503938338253647,36,19,144,7.649703185772523,717,13,0,7.659353293012828,9.02959331101738
2025-06-02;14:29:49,output_l33_Bics_s15_h0_oh16_c1.json,safety_props.json,pbfs,10,C0:1;BSw:10,1.328389619011432,1.3063830733299255,36,19,144,10.58288295706734,712,18,0,10.592888182029128,11.92127780104056
2025-06-02;14:30:02,output_l36_PionierL1_s15_h0_oh18_c1.json,safety_props.json,pbfs,10,C0:1;BSw:13,1.3284828870091587,1.3036840460263193,36,19,144,10.588707387680188,712,18,0,10.598854695213959,11.927337582223117
2025-06-02;14:30:14,output_l18_Arpanet19719_s15_h0_oh9_c1.json,safety_props.json,pbfs,10,C0:1;BSw:9,1.3919039990287274,1.3718420630320907,36,19,144,10.109999126754701,713,17,0,10.119713269872591,11.511617268901318
2025-06-02;14:30:26,output_l69_Uninett2011_s15_h0_oh34_c1.json,safety_props.json,pbfs,10,C0:1;BSw:11,1.2883723189588636,1.2680106607731432,36,19,144,10.569802739424631,712,18,0,10.57948322291486,11.867855541873723
2025-06-02;14:30:39,output_l70_Columbus_s15_h0_oh35_c1.json,safety_props.json,pbfs,10,C0:1;BSw:20,1.3080202338751405,1.2850218520034105,36,19,144,11.070643191225827,712,18,0,11.081465944182128,12.389486178057268
2025-06-02;14:30:52,output_l8_HiberniaIreland_s15_h0_oh8_c1.json,safety_props.json,pbfs,10,C0:1;BSw:6,1.252814541105181,1.2319400147534907,36,19,144,6.172503230161965,719,11,0,6.181881929980591,7.434696471085772
2025-06-02;14:31:00,output_l61_Garr201201_s15_h0_oh30_c1.json,safety_props.json,pbfs,10,C0:1;BSw:10,1.2216285499744117,1.1896225537639111,36,19,144,10.494278164580464,712,18,0,10.50404580286704,11.725674352841452
2025-06-02;14:31:12,output_l68_Esnet_s15_h0_oh34_c1.json,safety_props.json,pbfs,10,C0:1;BSw:11,1.4115246089641005,1.389260821742937,36,19,144,10.65985334245488,712,18,0,10.669742201920599,12.0812668108847
2025-06-02;14:31:25,output_l38_PionierL3_s15_h0_oh19_c1.json,safety_props.json,pbfs,10,C0:1;BSw:12,1.4223617538809776,1.400128070730716,36,19,144,10.527527963509783,712,18,0,10.537448512157425,11.959810266038403
2025-06-02;14:31:37,output_l18_Highwinds_s15_h0_oh9_c1.json,safety_props.json,pbfs,10,C0:1;BSw:9,1.3362614871002734,1.314896525349468,36,19,144,10.092067814432085,713,17,0,10.102023818995804,11.438285306096077
2025-06-02;14:31:49,output_l12_TLex_s15_h0_oh6_c1.json,safety_props.json,pbfs,10,C0:1;BSw:5,1.363111621933058,1.3444326359312981,36,16,144,5.0101257709320635,721,9,0,5.019365893909708,6.382477515842766
2025-06-02;14:31:56,output_l67_Globenet_s15_h0_oh33_c1.json,safety_props.json,pbfs,10,C0:1;BSw:17,1.4688517570029944,1.4454342843964696,36,19,144,10.890456865075976,712,18,0,10.900687566027045,12.36953932303004
2025-06-02;14:32:09,output_l40_Geant2012_s15_h0_oh20_c1.json,safety_props.json,pbfs,10,C0:1;BSw:10,1.3923936060164124,1.3710451144725084,36,19,144,10.591242097551003,712,18,0,10.601298389025033,11.993691995041445
2025-06-02;14:32:22,output_l42_Roedunet_s15_h0_oh21_c1.json,safety_props.json,pbfs,10,C0:1;BSw:6,1.364515369059518,1.3447824500035495,36,19,144,6.180652944603935,719,11,0,6.189867225009948,7.554382594069466
2025-06-02;14:32:30,output_l19_Aarnet_s15_h0_oh9_c1.json,safety_props.json,pbfs,10,C0:1;BSw:11,1.2600479130633175,1.2386889609042555,36,19,144,10.695601222570986,712,18,0,10.705476171104237,11.965524084167555
2025-06-02;14:32:43,output_l20_EliBackbone_s15_h0_oh10_c1.json,safety_props.json,pbfs,10,C0:1;BSw:8,1.1653715351130813,1.1437544701620936,36,19,144,8.618942393921316,715,15,0,8.628443346824497,9.793814881937578
2025-06-02;14:32:53,output_l52_Cesnet201006_s15_h0_oh26_c1.json,safety_props.json,pbfs,10,C0:1;BSw:8,1.1816436059307307,1.157691706204787,36,19,144,8.645211679395288,715,15,0,8.654567351099104,9.836210957029834
2025-06-02;14:33:04,output_l6_Epoch_s15_h0_oh6_c1.json,safety_props.json,pbfs,10,C0:1;BSw:5,1.2439838650170714,1.2268636233638972,36,16,144,5.131992989918217,721,9,0,5.141206883825362,6.385190748842433
2025-06-02;14:33:10,output_l53_Tinet_s15_h0_oh26_c1.json,safety_props.json,pbfs,10,C0:1;BSw:11,1.4057135470211506,1.3835718436166644,36,19,144,10.497124794404954,712,18,0,10.50740506593138,11.91311861295253
2025-06-02;14:33:23,output_l13_Uninet_s15_h0_oh6_c1.json,safety_props.json,pbfs,10,C0:1;BSw:7,1.3731984689366072,1.3533467557281256,36,19,144,7.3932274538092315,717,13,0,7.403633507201448,8.776831976138055
2025-06-02;14:33:33,output_l42_Chinanet_s15_h0_oh21_c1.json,safety_props.json,pbfs,10,C0:1;BSw:6,1.3188477999065071,1.2957648860756308,36,19,144,6.085603117709979,719,11,0,6.095298673026264,7.414146472932771
2025-06-02;14:33:41,output_l16_Garr199901_s15_h0_oh8_c1.json,safety_props.json,pbfs,10,C0:1;BSw:5,1.3652488328516483,1.3465000707656145,36,16,144,5.127856620354578,721,9,0,5.137112059863284,6.502360892714933
2025-06-02;14:33:48,output_l13_Navigata_s15_h0_oh6_c1.json,safety_props.json,pbfs,10,C0:1;BSw:6,1.230964140035212,1.2052129157818854,36,19,144,6.16801894758828,719,11,0,6.177513865986839,7.408478006022051
2025-06-02;14:33:56,output_l22_Garr200109_s15_h0_oh11_c1.json,safety_props.json,pbfs,10,C0:1;BSw:5,1.3640341840218753,1.3450793523807079,36,16,144,5.0068386304192245,721,9,0,5.0161799809429795,6.380214164964855
2025-06-02;14:34:03,output_l30_WideJpn_s15_h0_oh15_c1.json,safety_props.json,pbfs,10,C0:1;BSw:9,1.3918209839612246,1.3690055701881647,36,19,144,9.838241350604221,713,17,0,9.84777389606461,11.239594880025834
2025-06-02;14:34:14,output_l23_Garr199904_s15_h0_oh11_c1.json,safety_props.json,pbfs,10,C0:1;BSw:5,1.2352362140081823,1.2159042900893837,36,16,144,5.163983404170722,721,9,0,5.174082613084465,6.4093188270926476
2025-06-02;14:34:21,output_l37_Myren_s15_h0_oh18_c1.json,safety_props.json,pbfs,10,C0:1;BSw:6,1.2809585009235889,1.257787849754095,36,19,144,6.105189430527389,719,11,0,6.114279048983008,7.3952375499065965
2025-06-02;14:34:30,output_l44_Carnet_s15_h0_oh22_c1.json,safety_props.json,pbfs,10,C0:1;BSw:8,1.3929796139709651,1.3721088056918234,36,19,144,9.18342172470875,715,15,0,9.193181697046384,10.58616131101735
2025-06-02;14:34:41,output_l32_GtsCzechRepublic_s15_h0_oh16_c1.json,safety_props.json,pbfs,10,C0:1;BSw:11,1.3501124258618802,1.3248955234885216,36,19,144,10.805460598319769,712,18,0,10.81596718612127,12.16607961198315
2025-06-02;14:34:53,output_l18_Jgn2Plus_s15_h0_oh9_c1.json,safety_props.json,pbfs,10,C0:1;BSw:9,1.2156597708817571,1.1940372146200389,36,19,144,9.9965749415569,713,17,0,10.006966209039092,11.22262597992085
2025-06-02;14:35:05,output_l21_Belnet2007_s15_h0_oh10_c1.json,safety_props.json,pbfs,10,C0:1;BSw:9,1.3984670268837363,1.3770664860494435,36,19,144,9.953429678222165,713,17,0,9.965592965949327,11.364059992833063
2025-06-02;14:35:17,output_l92_VtlWavenet2011_s15_h0_oh46_c1.json,safety_props.json,pbfs,10,C0:1;BSw:33,1.789641889045015,1.7651759458240122,36,19,144,11.721947643905878,712,18,0,11.732993042096496,13.52263493114151
2025-06-02;14:35:31,output_l36_BtNorthAmerica_s15_h0_oh18_c1.json,safety_props.json,pbfs,10,C0:1;BSw:8,1.3864223528653383,1.3660606539342552,36,19,144,8.64445844036527,715,15,0,8.65436213184148,10.040784484706819
2025-06-02;14:35:42,output_l110_Interoute_s15_h0_oh55_c1.json,safety_props.json,pbfs,10,C0:1;BSw:19,1.4995772601105273,1.4760472937487066,36,19,144,11.072565947892144,712,18,0,11.08303815801628,12.582615418126807
2025-06-02;14:35:55,output_l10_Cesnet1993_s15_h0_oh5_c1.json,safety_props.json,pbfs,10,C0:1;BSw:5,1.179605735000223,1.1585043475497514,36,16,144,4.911259234184399,721,9,0,4.92047939193435,6.100085126934573
2025-06-02;14:36:02,output_l48_Bellcanada_s15_h0_oh24_c1.json,safety_props.json,pbfs,10,C0:1;BSw:15,1.3282577830832452,1.3037597392685711,36,19,144,10.817002790980041,712,18,0,10.827059528091922,12.155317311175168
2025-06-02;14:36:15,output_l7_Netrail_s15_h0_oh7_c1.json,safety_props.json,pbfs,10,C0:1;BSw:4,1.2466953289695084,1.2281820396892726,33,12,144,3.736814161995426,723,7,0,3.7467595878988504,4.993454916868359
2025-06-02;14:36:20,output_l9_Nordu2005_s15_h0_oh9_c1.json,safety_props.json,pbfs,10,C0:1;BSw:5,1.1821813809219748,1.1624830979853868,36,16,144,4.995929597178474,721,9,0,5.005176211008802,6.187357591930777
2025-06-02;14:36:27,output_l31_Iinet_s15_h0_oh15_c1.json,safety_props.json,pbfs,10,C0:1;BSw:7,1.1735929660499096,1.153489621123299,36,19,144,7.429193280404434,717,13,0,7.4388922362122685,8.612485202262178
2025-06-02;14:36:36,output_l54_Garr201003_s15_h0_oh27_c1.json,safety_props.json,pbfs,10,C0:1;BSw:9,1.2742421210277826,1.2528733611106873,36,19,144,9.899834582814947,713,17,0,9.909595190081745,11.183837311109528
2025-06-02;14:36:48,output_l59_Garr201110_s15_h0_oh29_c1.json,safety_props.json,pbfs,10,C0:1;BSw:10,1.2268567490391433,1.2027167293708771,36,19,144,10.489513855194673,712,18,0,10.499357633059844,11.726214382098988
2025-06-02;14:37:00,output_l24_Psinet_s15_h0_oh12_c1.json,safety_props.json,pbfs,10,C0:1;BSw:13,1.2334683591034263,1.2088083452545106,36,19,144,10.794602625537664,712,18,0,10.804520142963156,12.037988502066582
2025-06-02;14:37:13,output_l39_Cesnet200603_s15_h0_oh19_c1.json,safety_props.json,pbfs,10,C0:1;BSw:9,1.397953798994422,1.3767533698119223,36,19,144,9.900190591113642,713,17,0,9.910260182106867,11.30821398110129
2025-06-02;14:37:25,output_l25_Amres_s15_h0_oh12_c1.json,safety_props.json,pbfs,10,C0:1;BSw:12,1.426807797048241,1.404606641503051,36,19,144,10.619111066916957,712,18,0,10.629460535943508,12.056268332991749
2025-06-02;14:37:38,output_l21_Packetexchange_s15_h0_oh10_c1.json,safety_props.json,pbfs,10,C0:1;BSw:11,1.2150899639818817,1.1932211578823626,36,19,144,10.7230112219695,712,18,0,10.733007847098634,11.948097811080515
2025-06-02;14:37:50,output_l23_Belnet2005_s15_h0_oh11_c1.json,safety_props.json,pbfs,10,C0:1;BSw:5,1.327294958056882,1.305336791323498,36,16,144,5.10699021583423,721,9,0,5.1165097202174366,6.443804678274319
2025-06-02;14:37:57,output_l25_Arpanet19723_s15_h0_oh12_c1.json,safety_props.json,pbfs,10,C0:1;BSw:12,1.42892704019323,1.4045486873947084,36,19,144,10.832823599688709,712,18,0,10.843142868950963,12.272069909144193
2025-06-02;14:38:10,output_l20_Quest_s15_h0_oh10_c1.json,safety_props.json,pbfs,10,C0:1;BSw:7,1.3913534360472113,1.3712127420585603,36,19,144,7.502023437991738,717,13,0,7.511784720933065,8.903138156980276
2025-06-02;14:38:20,output_l55_Garr201007_s15_h0_oh27_c1.json,safety_props.json,pbfs,10,C0:1;BSw:9,1.183884274912998,1.1635045330040157,36,19,144,9.94614728167653,713,17,0,9.955713777104393,11.13959805201739
2025-06-02;14:38:31,output_l127_Pern_s15_h0_oh63_c1.json,safety_props.json,pbfs,10,C0:1;BSw:10,1.4088244340382516,1.3877890401054174,36,19,144,11.324522492010146,712,18,0,11.334622267168015,12.743446701206267
2025-06-02;14:38:45,output_l43_Sanet_s15_h0_oh21_c1.json,safety_props.json,pbfs,10,C0:1;BSw:15,1.4708413761109114,1.4479627159889787,36,19,144,10.879987478721887,712,18,0,10.890872199088335,12.361713575199246
2025-06-02;14:38:58,output_l4_Arpanet196912_s15_h0_oh4_c1.json,safety_props.json,pbfs,10,C0:1;BSw:4,1.166071930900216,1.148112929193303,33,12,144,3.8078461217228323,723,7,0,3.8170817450154573,4.983153675915673
2025-06-02;14:39:03,output_l6_Layer42_s15_h0_oh6_c1.json,safety_props.json,pbfs,10,C0:1;BSw:5,1.3211618929635733,1.3002234539017081,36,16,144,5.060104249510914,721,9,0,5.069510637084022,6.3906725300475955
2025-06-02;14:39:10,output_l11_Itnet_s15_h0_oh5_c1.json,safety_props.json,pbfs,10,C0:1;BSw:4,1.358752315863967,1.3405715401750058,33,12,144,3.851046287920326,723,7,0,3.860139272874221,5.218891588738188
2025-06-02;14:39:16,output_l14_Compuserve_s15_h0_oh7_c1.json,safety_props.json,pbfs,10,C0:1;BSw:6,1.2557812000159174,1.2340174373239279,36,19,144,6.463041443377733,719,11,0,6.472625127993524,7.7284063280094415
2025-06-02;14:39:25,output_l24_Renater2001_s15_h0_oh12_c1.json,safety_props.json,pbfs,10,C0:1;BSw:8,1.3595592249184847,1.3356818475294858,36,19,144,8.583900213940069,715,15,0,8.593626008136198,9.953185233054683
2025-06-02;14:39:35,output_l44_Cesnet200706_s15_h0_oh22_c1.json,safety_props.json,pbfs,10,C0:1;BSw:8,1.2753603220917284,1.2533386247232556,36,19,144,8.665830337908119,715,15,0,8.676052302820608,9.951412624912336
2025-06-02;14:39:46,output_l23_Istar_s15_h0_oh11_c1.json,safety_props.json,pbfs,10,C0:1;BSw:9,1.1993493000045419,1.1772570200264454,36,19,144,9.829611990833655,713,17,0,9.839188423007727,11.038537723012269
2025-06-02;14:39:57,output_l16_KentmanJul2005_s15_h0_oh8_c1.json,safety_props.json,pbfs,10,C0:1;BSw:8,1.3080961189698428,1.2841912298463285,36,19,144,8.573660294990987,715,15,0,8.583770695142448,9.89186681411229
2025-06-02;14:40:08,output_l24_HurricaneElectric_s15_h0_oh12_c1.json,safety_props.json,pbfs,10,C0:1;BSw:8,1.3915564599446952,1.3711883013602346,36,19,144,8.885788747575134,715,15,0,8.895607005106285,10.28716346505098
2025-06-02;14:40:19,output_l49_Uunet_s15_h0_oh24_c1.json,safety_props.json,pbfs,10,C0:1;BSw:10,1.2246289730537683,1.2024847134016454,36,19,144,10.535892338259146,712,18,0,10.547180930851027,11.771809903904796
2025-06-02;14:40:31,output_l21_Harnet_s15_h0_oh10_c1.json,safety_props.json,pbfs,10,C0:1;BSw:7,1.2378669020254165,1.2158839798066765,36,19,144,7.416929873637855,717,13,0,7.426561706000939,8.664428608026356
2025-06-02;14:40:40,output_l59_Garr201108_s15_h0_oh29_c1.json,safety_props.json,pbfs,10,C0:1;BSw:10,1.4091373779810965,1.38708545290865,36,19,144,10.523213101318106,712,18,0,10.533138999016955,11.942276376998052
2025-06-02;14:40:53,output_l37_Evolink_s15_h0_oh18_c1.json,safety_props.json,pbfs,10,C0:1;BSw:11,1.433394911000505,1.4113000663928688,36,19,144,10.981924220453948,712,18,0,10.991980744991452,12.425375655991957
2025-06-02;14:41:06,output_l25_Karen_s15_h0_oh12_c1.json,safety_props.json,pbfs,10,C0:1;BSw:9,1.3149787939619273,1.2942168931476772,36,19,144,9.99224890395999,713,17,0,10.002151601947844,11.317130395909771
2025-06-02;14:41:18,output_l26_Funet_s15_h0_oh13_c1.json,safety_props.json,pbfs,10,C0:1;BSw:11,1.3517395330127329,1.3277979216072708,36,19,144,10.659357288852334,712,18,0,10.668953821063042,12.020693354075775
2025-06-02;14:41:31,output_l23_Belnet2004_s15_h0_oh11_c1.json,safety_props.json,pbfs,10,C0:1;BSw:5,1.3617990738712251,1.3430926885921508,36,16,144,5.073599082650617,721,9,0,5.083993473090231,6.4457925469614565
2025-06-02;14:41:38,output_l36_Cwix_s15_h0_oh18_c1.json,safety_props.json,pbfs,10,C0:1;BSw:10,1.2235194519162178,1.2010863900650293,36,19,144,10.923591498518363,712,18,0,10.933467474067584,12.156986925983801
2025-06-02;14:41:51,output_l20_BtAsiaPac_s15_h0_oh10_c1.json,safety_props.json,pbfs,10,C0:1;BSw:6,1.2013116299640387,1.1783601786009967,36,19,144,6.226793013745919,719,11,0,6.236320675117895,7.437632305081934
2025-06-02;14:41:59,output_l22_Azrena_s15_h0_oh11_c1.json,safety_props.json,pbfs,10,C0:1;BSw:8,1.3358345308806747,1.3119566526729614,36,19,144,9.110124446218833,715,15,0,9.120012809988111,10.455847340868786
2025-06-02;14:42:10,output_l59_Garr201107_s15_h0_oh29_c1.json,safety_props.json,pbfs,10,C0:1;BSw:10,1.411224516108632,1.3862999710254371,36,19,144,10.517704195575789,712,18,0,10.528803136898205,11.940027653006837
2025-06-02;14:42:22,output_l34_Xspedius_s15_h0_oh17_c1.json,safety_props.json,pbfs,10,C0:1;BSw:9,1.2913928178604692,1.2671314268372953,36,19,144,9.955407547065988,713,17,0,9.965289270039648,11.256682087900117
2025-06-02;14:42:34,output_l34_Arnes_s15_h0_oh17_c1.json,safety_props.json,pbfs,10,C0:1;BSw:9,1.3873270899057388,1.3654912391211838,36,19,144,9.813961633713916,713,17,0,9.823711347999051,11.21103843790479
2025-06-02;14:42:46,output_l28_Darkstrand_s15_h0_oh14_c1.json,safety_props.json,pbfs,10,C0:1;BSw:13,1.4366813080850989,1.4142531047109514,36,19,144,10.775835409294814,712,18,0,10.785899584880099,12.222580892965198
2025-06-02;14:42:59,output_l113_Deltacom_s15_h0_oh56_c1.json,safety_props.json,pbfs,10,C0:1;BSw:25,1.424365719081834,1.3969287576619536,36,19,144,11.295010447967798,712,18,0,11.306016775080934,12.730382494162768
2025-06-02;14:43:12,output_l14_Ilan_s15_h0_oh7_c1.json,safety_props.json,pbfs,10,C0:1;BSw:6,1.3619626709260046,1.3426577607169747,36,19,144,6.183054807828739,719,11,0,6.192443134030327,7.554405804956332
2025-06-02;14:43:20,output_l39_Intranetwork_s15_h0_oh19_c1.json,safety_props.json,pbfs,10,C0:1;BSw:18,1.3660299559123814,1.3434316685888916,36,19,144,11.08081817580387,712,18,0,11.091368097811937,12.457398053724319
2025-06-02;14:43:33,output_l31_Digex_s15_h0_oh15_c1.json,safety_props.json,pbfs,10,C0:1;BSw:12,1.2944088617805392,1.2704961376730353,36,19,144,10.890364943770692,712,18,0,10.900542919989675,12.194951781770214
2025-06-02;14:43:46,output_l54_Garr201001_s15_h0_oh27_c1.json,safety_props.json,pbfs,10,C0:1;BSw:9,1.2188349028583616,1.197294875048101,36,19,144,10.003227555658668,713,17,0,10.013636246090755,11.232471148949116
2025-06-02;14:43:58,output_l37_Geant2010_s15_h0_oh18_c1.json,safety_props.json,pbfs,10,C0:1;BSw:9,1.2614987809211016,1.2364195885602385,36,19,144,9.824377683456987,713,17,0,9.8347228881903,11.0962216691114
2025-06-02;14:44:10,output_l67_Missouri_s15_h0_oh33_c1.json,safety_props.json,pbfs,10,C0:1;BSw:16,1.2517293230630457,1.2292308751493692,36,19,144,11.462214165832847,712,18,0,11.472443805076182,12.724173128139228
2025-06-02;14:44:23,output_l24_Xeex_s15_h0_oh12_c1.json,safety_props.json,pbfs,10,C0:1;BSw:8,1.403706920100376,1.3822532591875643,36,19,144,9.82108723395504,715,15,0,9.83289295504801,11.236599875148386
2025-06-02;14:44:35,output_l21_Belnet2009_s15_h0_oh10_c1.json,safety_props.json,pbfs,10,C0:1;BSw:9,1.4051601430401206,1.3821524560917169,36,19,144,10.046506145736203,713,17,0,10.055958695011213,11.461118838051334
2025-06-02;14:44:47,output_l38_KentmanJan2011_s15_h0_oh19_c1.json,safety_props.json,pbfs,10,C0:1;BSw:8,1.3883881689980626,1.3683733930811286,36,19,144,8.843637484358624,715,15,0,8.852934288792312,10.241322457790375
2025-06-02;14:44:58,output_l29_Biznet_s15_h0_oh14_c1.json,safety_props.json,pbfs,10,C0:1;BSw:18,1.4937301359605044,1.4703608208801597,36,19,144,11.09138114657253,712,18,0,11.101679290877655,12.59540942683816
2025-06-02;14:45:11,output_l197_Cogentco_s15_h0_oh98_c1.json,safety_props.json,pbfs,10,C0:1;BSw:30,1.6059166421182454,1.5783474631607533,36,19,144,11.653922346187755,712,18,0,11.665520915063098,13.271437557181343
2025-06-02;14:45:28,output_l23_Cesnet2001_s15_h0_oh11_c1.json,safety_props.json,pbfs,10,C0:1;BSw:6,1.2820354979485273,1.261436179280281,36,19,144,6.280754130333662,719,11,0,6.290028335060924,7.572063833009452
2025-06-02;14:45:36,output_l54_Garr201004_s15_h0_oh27_c1.json,safety_props.json,pbfs,10,C0:1;BSw:9,1.4109588689170778,1.389603225979954,36,19,144,10.0847789645195,713,17,0,10.095234092092142,11.50619296100922
2025-06-02;14:45:48,output_l158_UsCarrier_s15_h0_oh79_c1.json,safety_props.json,pbfs,10,C0:1;BSw:37,1.8771232629660517,1.8533103754743934,36,19,144,12.612979943864048,712,18,0,12.624626917066053,14.501750180032104
2025-06-02;14:46:03,output_l30_Cynet_s15_h0_oh15_c1.json,safety_props.json,pbfs,10,C0:1;BSw:8,1.4070807851385325,1.385294949868694,36,19,144,8.79346910235472,715,15,0,8.803719742922112,10.210800528060645
2025-06-02;14:46:14,output_l14_Nordu1997_s15_h0_oh7_c1.json,safety_props.json,pbfs,10,C0:1;BSw:5,1.3822706970386207,1.3635418976191431,36,16,144,5.097191768232733,721,9,0,5.106768144061789,6.48903884110041
2025-06-02;14:46:21,output_l54_Garr200912_s15_h0_oh27_c1.json,safety_props.json,pbfs,10,C0:1;BSw:9,1.3351229699328542,1.3114987039007246,36,19,144,10.142026022775099,713,17,0,10.151941139949486,11.48706410988234
2025-06-02;14:46:33,output_l18_Sago_s15_h0_oh9_c1.json,safety_props.json,pbfs,10,C0:1;BSw:16,1.3540570819750428,1.3312807027250528,36,19,144,10.954059203155339,712,18,0,10.963868197984993,12.317925279960036
2025-06-02;14:46:46,output_l74_Uninett2010_s15_h0_oh37_c1.json,safety_props.json,pbfs,10,C0:1;BSw:11,1.213931435951963,1.1930651161819696,36,19,144,10.495095261605456,712,18,0,10.505563213024288,11.719494648976251
2025-06-02;14:46:58,output_l59_Garr201104_s15_h0_oh29_c1.json,safety_props.json,pbfs,10,C0:1;BSw:9,1.3985398791264743,1.3777910452336073,36,19,144,10.18788746278733,713,17,0,10.197255844948813,11.595795724075288
2025-06-02;14:47:10,output_l23_York_s15_h0_oh11_c1.json,safety_props.json,pbfs,10,C0:1;BSw:12,1.288313906872645,1.2646148311905563,36,19,144,10.583538419101387,712,18,0,10.595228037098423,11.883541943971068
2025-06-02;14:47:23,output_l25_Agis_s15_h0_oh12_c1.json,safety_props.json,pbfs,10,C0:1;BSw:9,1.3587799738161266,1.337118374882266,36,19,144,9.842399093555287,713,17,0,9.852326549123973,11.2111065229401
2025-06-02;14:47:35,output_l16_Grena_s15_h0_oh8_c1.json,safety_props.json,pbfs,10,C0:1;BSw:11,1.2404792590532452,1.2197078014723957,36,19,144,10.692573654698208,712,18,0,10.702447480056435,11.94292673910968
2025-06-02;14:47:47,output_l30_Ernet_s15_h0_oh15_c1.json,safety_props.json,pbfs,10,C0:1;BSw:8,1.3977187199052423,1.3772778282873333,36,19,144,8.653081618947908,715,15,0,8.662879724055529,10.060598443960771
2025-06-02;14:47:58,output_l19_Rediris_s15_h0_oh9_c1.json,safety_props.json,pbfs,10,C0:1;BSw:6,1.2571449489332736,1.236715784529224,36,19,144,6.2042137356475,719,11,0,6.21404705895111,7.471192007884383
2025-06-02;14:48:06,output_l6_Napnet_s15_h0_oh6_c1.json,safety_props.json,pbfs,10,C0:1;BSw:4,1.335185815114528,1.3151702990289778,33,12,144,3.812250137561932,723,7,0,3.8215583031997085,5.156744118314236
2025-06-02;14:48:12,output_l25_UniC_s15_h0_oh12_c1.json,safety_props.json,pbfs,10,C0:1;BSw:13,1.3405521279200912,1.3158303478267044,36,19,144,10.476884648669511,712,18,0,10.486885719001293,11.827437846921384
2025-06-02;14:48:24,output_l39_Cesnet200511_s15_h0_oh19_c1.json,safety_props.json,pbfs,10,C0:1;BSw:9,1.3402333289850503,1.3166904484387487,36,19,144,9.765042395330966,713,17,0,9.774935923051089,11.11516925203614
2025-06-02;14:48:36,output_l13_Kreonet_s15_h0_oh6_c1.json,safety_props.json,pbfs,10,C0:1;BSw:6,1.3434269148856401,1.3205337750259787,36,19,144,6.188933115918189,719,11,0,6.198261508950964,7.541688423836604
2025-06-02;14:48:44,output_l55_HiberniaGlobal_s15_h0_oh27_c1.json,safety_props.json,pbfs,10,C0:1;BSw:18,1.4893375500105321,1.4659561095759273,36,19,144,10.990863655693829,712,18,0,11.00154460594058,12.490882155951113
2025-06-02;14:48:57,output_l5_Renam_s15_h0_oh5_c1.json,safety_props.json,pbfs,10,C0:1;BSw:4,1.5380477090366185,1.513670488493517,33,12,144,3.8308542664162815,723,7,0,3.8399222309235483,5.377969939960167
2025-06-02;14:49:03,output_l74_Switch_s15_h0_oh37_c1.json,safety_props.json,pbfs,10,C0:1;BSw:15,1.256660713115707,1.2313127981033176,36,19,144,10.778638676274568,712,18,0,10.789401687914506,12.046062401030213
2025-06-02;14:49:16,output_l13_Eenet_s15_h0_oh6_c1.json,safety_props.json,pbfs,10,C0:1;BSw:7,1.1873856792226434,1.1676060648169369,36,19,144,7.488829357083887,717,13,0,7.498646144988015,8.686031824210659
2025-06-02;14:49:25,output_l9_Gridnet_s15_h0_oh9_c1.json,safety_props.json,pbfs,10,C0:1;BSw:4,1.2733945129439235,1.254519815556705,33,12,144,3.7922767063137144,723,7,0,3.801380527904257,5.074775040848181
2025-06-02;14:49:31,output_l13_Nsfnet_s15_h0_oh6_c1.json,safety_props.json,pbfs,10,C0:1;BSw:7,1.2399702731054276,1.2170885959640145,36,19,144,7.394985500955954,717,13,0,7.404421190964058,8.644391464069486
2025-06-02;14:49:40,output_l23_Belnet2006_s15_h0_oh11_c1.json,safety_props.json,pbfs,10,C0:1;BSw:5,1.2123936440329999,1.1935840097721666,36,16,144,4.940773807000369,721,9,0,4.950100859859958,6.162494503892958
2025-06-02;14:49:47,output_l55_Garr201008_s15_h0_oh27_c1.json,safety_props.json,pbfs,10,C0:1;BSw:9,1.3860409930348396,1.3630689359270036,36,19,144,9.822387128602713,713,17,0,9.832980301929638,11.219021294964477
2025-06-02;14:49:59,output_l28_Shentel_s15_h0_oh14_c1.json,safety_props.json,pbfs,10,C0:1;BSw:15,1.5578702930361032,1.531866566510871,36,19,144,11.647771251853555,712,18,0,11.658544288016856,13.216414581052959
2025-06-02;14:50:13,output_l16_Marwan_s15_h0_oh8_c1.json,safety_props.json,pbfs,10,C0:1;BSw:8,1.3368394561111927,1.3168410549405962,36,19,144,8.68748537171632,715,15,0,8.697626787936315,10.034466244047508
2025-06-02;14:50:23,output_l23_Fccn_s15_h0_oh11_c1.json,safety_props.json,pbfs,10,C0:1;BSw:7,1.3479911419562995,1.3197204677853733,36,19,144,7.437137743225321,717,13,0,7.446236785966903,8.794227927923203
2025-06-02;14:50:33,output_l20_Janetlense_s15_h0_oh10_c1.json,safety_props.json,pbfs,10,C0:1;BSw:6,1.3736046929843724,1.3539804718457162,36,19,144,6.294332530116662,719,11,0,6.3040299660060555,7.677634658990428
2025-06-02;14:50:41,output_l54_Garr200908_s15_h0_oh27_c1.json,safety_props.json,pbfs,10,C0:1;BSw:9,1.2845776460599154,1.260558006586507,36,19,144,10.181502215797082,713,17,0,10.191206299932674,11.475783945992589
2025-06-02;14:50:53,output_l61_Garr201112_s15_h0_oh30_c1.json,safety_props.json,pbfs,10,C0:1;BSw:10,1.2509421820286661,1.2285574346315116,36,19,144,10.660035151755437,712,18,0,10.670523762935773,11.921465944964439
2025-06-02;14:51:06,output_l43_Renater2010_s15_h0_oh21_c1.json,safety_props.json,pbfs,10,C0:1;BSw:11,1.4238767218776047,1.401532320305705,36,19,144,10.82301242905669,712,18,0,10.833189968019724,12.257066689897329
2025-06-02;14:51:19,output_l26_KentmanFeb2008_s15_h0_oh13_c1.json,safety_props.json,pbfs,10,C0:1;BSw:8,1.2935129809193313,1.2730846358463168,36,19,144,8.871624870924279,715,15,0,8.881337758153677,10.174850739073008
2025-06-02;14:51:29,output_l50_Surfnet_s15_h0_oh25_c1.json,safety_props.json,pbfs,10,C0:1;BSw:13,1.4006195571273565,1.3756935384590179,36,19,144,10.873244469054043,712,18,0,10.883395832963288,12.284015390090644
2025-06-02;14:51:42,output_l23_Abvt_s15_h0_oh11_c1.json,safety_props.json,pbfs,10,C0:1;BSw:9,1.304756682133302,1.2802192624658346,36,19,144,10.08667605300434,713,17,0,10.096784728113562,11.401541410246864
2025-06-02;14:51:54,output_l33_Renater2006_s15_h0_oh16_c1.json,safety_props.json,pbfs,10,C0:1;BSw:9,1.3035974681843072,1.2815095188561827,36,19,144,9.99245913210325,713,17,0,10.002614741912112,11.306212210096419
2025-06-02;14:52:06,output_l22_Belnet2010_s15_h0_oh11_c1.json,safety_props.json,pbfs,10,C0:1;BSw:9,1.4086443630512804,1.3878930830396712,36,19,144,10.161174271488562,713,17,0,10.170972890919074,11.579617253970355
2025-06-02;14:52:18,output_l27_Integra_s15_h0_oh13_c1.json,safety_props.json,pbfs,10,C0:1;BSw:9,1.390921592945233,1.3705376640427858,36,19,144,9.889653671067208,713,17,0,9.899288994958624,11.290210587903857
2025-06-02;14:52:30,output_l18_Ans_s15_h0_oh9_c1.json,safety_props.json,pbfs,10,C0:1;BSw:8,1.2205241261981428,1.198976755142212,36,19,144,8.636694663437083,715,15,0,8.646748482016847,9.86727260821499
2025-06-02;14:52:41,output_l25_AttMpls_s15_h0_oh12_c1.json,safety_props.json,pbfs,10,C0:1;BSw:7,1.3813268169760704,1.3611801317892969,36,19,144,7.4582165707834065,717,13,0,7.467993553029373,8.849320370005444
2025-06-02;14:52:50,output_l6_Dataxchange_s15_h0_oh6_c1.json,safety_props.json,pbfs,10,C0:1;BSw:4,1.260533455060795,1.2396064896602184,33,12,144,3.874493635026738,723,7,0,3.8836065968498588,5.144140051910654
2025-06-02;14:52:56,output_l36_Niif_s15_h0_oh18_c1.json,safety_props.json,pbfs,10,C0:1;BSw:9,1.313451865222305,1.291142253903672,36,19,144,10.124097590334713,713,17,0,10.133696472039446,11.447148337261751
2025-06-02;14:53:08,output_l65_AsnetAm_s15_h0_oh32_c1.json,safety_props.json,pbfs,10,C0:1;BSw:10,1.2157027118373662,1.1934601138345897,36,19,144,10.51957322191447,712,18,0,10.530013530980796,11.745716242818162
2025-06-02;14:53:20,output_l9_Globalcenter_s15_h0_oh9_c1.json,safety_props.json,pbfs,10,C0:1;BSw:3,1.3569908330682665,1.3399705742485821,26,8,144,2.7189534129574895,725,5,0,2.72763573913835,4.084626572206616
2025-06-02;14:53:25,output_l15_Spiralight_s15_h0_oh7_c1.json,safety_props.json,pbfs,10,C0:1;BSw:10,1.3294208969455212,1.304874152643606,36,19,144,10.642702657962218,712,18,0,10.65255846013315,11.981979357078671
2025-06-02;14:53:38,output_l27_Geant2001_s15_h0_oh13_c1.json,safety_props.json,pbfs,10,C0:1;BSw:8,1.234961111098528,1.2036144989542663,36,19,144,8.49415920721367,715,15,0,8.503582848934457,9.738543960032985
2025-06-02;14:53:48,output_l56_Garr201101_s15_h0_oh28_c1.json,safety_props.json,pbfs,10,C0:1;BSw:9,1.2044982830993831,1.1825637763831764,36,19,144,9.954683415824547,713,17,0,9.966347377980128,11.170845661079511
2025-06-02;14:54:00,output_l19_Restena_s15_h0_oh9_c1.json,safety_props.json,pbfs,10,C0:1;BSw:7,1.2023514560423791,1.1773883153218776,36,19,144,7.351807465776801,717,13,0,7.362686043139547,8.565037499181926
2025-06-02;14:54:09,output_l33_GtsPoland_s15_h0_oh16_c1.json,safety_props.json,pbfs,10,C0:1;BSw:12,1.2412497431505471,1.2187911218497902,36,19,144,10.676977474242449,712,18,0,10.687345355981961,11.928595099132508
2025-06-02;14:54:21,output_l53_BeyondTheNetwork_s15_h0_oh26_c1.json,safety_props.json,pbfs,10,C0:1;BSw:9,1.1962579018436372,1.1741675969678909,36,19,144,10.979759959271178,713,17,0,10.990905659040436,12.187163560884073
2025-06-02;14:54:35,output_l8_Gblnet_s15_h0_oh8_c1.json,safety_props.json,pbfs,10,C0:1;BSw:6,1.436210213927552,1.4113212048541754,36,19,144,6.278912283712998,719,11,0,6.288469685940072,7.724679899867624
2025-06-02;14:54:43,output_l25_Vinaren_s15_h0_oh12_c1.json,safety_props.json,pbfs,10,C0:1;BSw:8,1.2399952278938144,1.2196625052019954,36,19,144,8.852478948887438,715,15,0,8.862430060049519,10.102425287943333
2025-06-02;14:54:54,output_l59_Garr201109_s15_h0_oh29_c1.json,safety_props.json,pbfs,10,C0:1;BSw:10,1.3640324498992413,1.3392117726616561,36,19,144,11.68271912750788,712,18,0,11.693193326937035,13.057225776836276
2025-06-02;14:55:08,output_l16_HostwayInternational_s15_h0_oh8_c1.json,safety_props.json,pbfs,10,C0:1;BSw:10,1.328942199004814,1.3052295669913292,36,19,144,10.544648268260062,712,18,0,10.554578738985583,11.883520937990397
2025-06-02;14:55:20,output_l34_Geant2009_s15_h0_oh17_c1.json,safety_props.json,pbfs,10,C0:1;BSw:9,1.1979889038484544,1.1762194910552353,36,19,144,10.747706424910575,713,17,0,10.757689806865528,11.955678710713983
2025-06-02;14:55:33,output_l153_Colt_s15_h0_oh76_c1.json,safety_props.json,pbfs,10,C0:1;BSw:22,1.3713567389640957,1.3489454004447907,36,19,144,11.22112290468067,712,18,0,11.231950632063672,12.603307371027768
2025-06-02;14:55:46,output_l32_Canerie_s15_h0_oh16_c1.json,safety_props.json,pbfs,10,C0:1;BSw:10,1.271271675825119,1.249821410048753,36,19,144,10.799075655406341,712,18,0,10.808910106075928,12.080181781901047
2025-06-02;14:55:59,output_l55_Garr200909_s15_h0_oh27_c1.json,safety_props.json,pbfs,10,C0:1;BSw:9,1.3211946389637887,1.3012901856563985,36,19,144,9.91172880330123,713,17,0,9.92314712703228,11.244341765996069
2025-06-02;14:56:11,output_l24_Garr200112_s15_h0_oh12_c1.json,safety_props.json,pbfs,10,C0:1;BSw:5,1.3642601110041142,1.345575405517593,36,16,144,5.079163981601596,721,9,0,5.0885271860752255,6.45278729707934
2025-06-02;14:56:18,output_l33_IowaStatewideFiberMap_s15_h0_oh16_c1.json,safety_props.json,pbfs,10,C0:1;BSw:11,1.4127122960053384,1.3924849154427648,36,19,144,10.524521558079869,712,18,0,10.535090831108391,11.94780312711373
2025-06-02;14:56:31,output_l41_Cernet_s15_h0_oh20_c1.json,safety_props.json,pbfs,10,C0:1;BSw:7,1.3732529960107058,1.3533029269892722,36,19,144,7.5400134632363915,717,13,0,7.549557410180569,8.922810406191275
2025-06-02;14:56:40,output_l20_Marnet_s15_h0_oh10_c1.json,safety_props.json,pbfs,10,C0:1;BSw:5,1.428611463867128,1.4095635141711682,36,16,144,4.98873344133608,721,9,0,4.998276290949434,6.426887754816562
2025-06-02;14:56:47,output_l16_Rhnet_s15_h0_oh8_c1.json,safety_props.json,pbfs,10,C0:1;BSw:10,1.229507002979517,1.207933138590306,36,19,144,10.668616418261081,712,18,0,10.678660736884922,11.908167739864439
2025-06-02;14:56:59,output_l57_Garr201102_s15_h0_oh28_c1.json,safety_props.json,pbfs,10,C0:1;BSw:9,1.3342250878922641,1.3131883437745273,36,19,144,9.928344421088696,713,17,0,9.93797998293303,11.272205070825294
2025-06-02;14:57:11,output_l18_BsonetEurope_s15_h0_oh9_c1.json,safety_props.json,pbfs,10,C0:1;BSw:8,1.3366895921062678,1.3129391688853502,36,19,144,8.667141128098592,715,15,0,8.677607108140364,10.014296700246632
2025-06-02;14:57:22,output_l51_Iris_s15_h0_oh25_c1.json,safety_props.json,pbfs,10,C0:1;BSw:13,1.4282117991242558,1.4057884875219315,36,19,144,10.667288539931178,712,18,0,10.67720921500586,12.105421014130116
2025-06-02;14:57:35,output_l51_Bellsouth_s15_h0_oh25_c1.json,safety_props.json,pbfs,10,C0:1;BSw:9,1.3543353739660233,1.3353017424233258,36,19,144,9.945996101247147,713,17,0,9.955586689990014,11.309922063956037
2025-06-02;14:57:46,output_l30_Arn_s15_h0_oh15_c1.json,safety_props.json,pbfs,10,C0:1;BSw:6,1.322497540852055,1.2997790453955531,36,19,144,6.1604685708880424,719,11,0,6.169803781202063,7.492301322054118
2025-06-02;14:57:55,output_l54_Garr200902_s15_h0_oh27_c1.json,safety_props.json,pbfs,10,C0:1;BSw:9,1.347491709049791,1.3247296302579343,36,19,144,9.949372654315084,713,17,0,9.959463343024254,11.306955052074045
2025-06-02;14:58:06,output_l43_Litnet_s15_h0_oh21_c1.json,safety_props.json,pbfs,10,C0:1;BSw:6,1.3341868829447776,1.3137177899479866,36,19,144,6.29978835885413,719,11,0,6.310979842906818,7.645166725851595
2025-06-02;14:58:15,output_l84_RedBestel_s15_h0_oh42_c1.json,safety_props.json,pbfs,10,C0:1;BSw:30,1.5540528129786253,1.5300596540328115,36,19,144,11.26997257466428,712,18,0,11.280982811003923,12.835035623982549
